ZE_FFVII_Mako_Reactor_V6_B08,
ze_2012_fix2,
ze_30_Seconds__b21,
ze_666_crazy_escape_b3s,
ze_8bit_v5b,
ze_AcuticNotes_v1_2s,
ze_Ancient_wrath_v1_fix2,
ze_Avenir_Storage_v1,
ze_DOOM_v1_1,
ze_Doorhug_and_solo_v5_2,
ze_Escape_Stroggos_b4,
ze_FFVII_Cosmo_Canyon_v1_1,
ze_FFVII_Cosmo_Canyon_v5fix,
ze_FFVII_Mako_Reactor_V6_B08,
ze_FFVII_Mako_Reactor_v5_3,
ze_FFVII_Mako_Reactor_v8_2,
ze_FFVII_Temple_Ancient_v3_3,
ze_FFVII_temple_ancient_v5_3,
ze_FFXII_Feywood_b3_1,
ze_FFXII_Moko_Temple_v1_1,
ze_FFXII_Mt_Bur_Omisace_v5_5fix,
ze_FFXII_Paramina_Rift_v1_4,
ze_FFXII_Ridorana_Cataract_t5_3,
ze_FFXII_Westersand_v7_2,
ze_FFXII_Westersand_v8zeta1,
ze_FFXIV_Wanderers_Palace_v5_2f,
ze_FireWaLL_laboratory_part2_3,
ze_Flying_World_v2,
ze_Genso_Of_Last_b2,
ze_GoT_The_North_b4,
ze_Infected_Sewers_v6_5,
ze_LOTR_Helms_Deep_v5,
ze_LOTR_Isengard_v2_3,
ze_LOTR_Laketown_v3_3_css,
ze_LOTR_Minas_Tirith_v2_2fix,
ze_LOTR_Mount_Doom_v4_2,
ze_MindTree_v1_6s,
ze_MotanumInc_OB,
ze_NY_marathon_v4_1,
ze_PKMN_Adventure_v9s_fix,
ze_POTC_IV_v6_1,
ze_Parking_v3_1,
ze_Pidaras_v1_4fix3,
ze_Pidaras_v1_5fix,
ze_Pirates_Port_Royal_v3_6,
ze_Pirates_Port_Royal_v5_4s2,
ze_RE4_castle_a3,
ze_RTCW_Ominous_Rumors_v1,
ze_Ratrace_Aztec_b5,
ze_SCP_Containment_Breach_v1_b02,
ze_STRANGE_escape_b3,
ze_S_A_M_a40_css2,
ze_Serpentis_Temple_v2a,
ze_TESV_Skyrim_v4fix,
ze_Temple_v2_1,
ze_The_weird_forest_v2_4,
ze_UT2004_Convoy_v2_2_1,
ze_a_e_s_t_h_e_t_i_c_v1_1s,
ze_aaaa_test,
ze_abandoned_project_v1_2,
ze_abstract_escape_v1a,
ze_aepp_nano_grid2_b2s,
ze_alien_shooter_v7,
ze_alien_vs_predator_v5,
ze_amkoescape_v1337,
ze_ancient_wrath_v2_test27,
ze_antartika_b2,
ze_antfarm_2vs,
ze_aperturescience_ob,
ze_arctic_escape_c1_fix3,
ze_arena_v1_beta,
ze_artika_base_v1_2s,
ze_ashen_keep_v0_3,
ze_asiangirl_beta7s,
ze_assassins_creed_v1,
ze_astral_s2,
ze_atix_apocalypse_v1a,
ze_atix_apocalypse_v4,
ze_atix_defend_escape_v4,
ze_atix_extinction_b7,
ze_atix_helicopter_i3d_c1,
ze_atix_panic_b3t,
ze_atix_panic_b3t_winter_v4,
ze_atix_panic_ultimate_v6,
ze_atix_panic_ultimate_v6b,
ze_avalanche_reboot_beta7,
ze_azathoth_v1_css,
ze_aztec_temple_v3c,
ze_bandit_v1final_fix1,
ze_barrage_v1,
ze_bastion2_nav72,
ze_bathroom_v2_5s,
ze_bhop_facility_final_v2,
ze_biohazard2_rpd_v4e_004,
ze_biohazard2_sewer_v4c,
ze_biohazard3_nemesis_b5_2s,
ze_biohazard_manor_v4a_004,
ze_bioshock_v7_1,
ze_bisounours_party_v1_1,
ze_blackmesa_escape_final,
ze_blackmesa_remix_v3_6,
ze_blackorange,
ze_boacceho_p4s,
ze_boatescape6_remix_fix2,
ze_boatescape_batata_ultimate_v1_2,
ze_boredom_v543656,
ze_bowser_in_the_fire_sea_v1_remastered,
ze_breakable_v1_8,
ze_cancer_gopnik_escape_v8s,
ze_candy_star_a3,
ze_capture_the_flag_f6,
ze_castlevania_64_v1_3_b2,
ze_castlevania_v1_3,
ze_ccc_floator_mislands_v2s,
ze_chicken_lords_tower_b2mix5,
ze_chicken_ranch_v2_1s,
ze_christmas_beta3f,
ze_christmas_infection_v2_3,
ze_chroma_v0_4,
ze_chronus_a1s,
ze_citadel_episodic_escape_v03,
ze_classic_mashups_v4_2,
ze_colors_v1,
ze_corrup_r1,
ze_crashbandicoot_v1fix,
ze_crazy_escape_css2,
ze_crypt_v1_4s,
ze_cursed_ruins_v2s,
ze_cyberderp_v1_4,
ze_cyberia_css1,
ze_dangerous_waters_v1a,
ze_dark_souls_ptd_v0_4,
ze_deadcore_s6,
ze_deadcore_s7,
ze_death_star_escape_v4_3,
ze_deepice_v8,
ze_defense3002_ep_fix2,
ze_derpescape_itstime,
ze_descent_into_cerberon_s1,
ze_destruction_of_exorath_re3,
ze_dev_r4a,
ze_diversity_cluster,
ze_djinn_v1,
ze_dolly_temple_fixed1,
ze_doom3_v1,
ze_dragonball_snakeway_v1,
ze_dreamin_v2_3s,
ze_dreamin_v3_1_css,
ze_dust_escape_v1fix,
ze_echo_boatescape_extended,
ze_eden_a3s,
ze_electrical_factory_b8,
ze_element_fire_final_v2,
ze_elevator_escape,
ze_ep2_plant_b1s,
ze_epic_end_v4_3,
ze_error_a0,
ze_eruption_escape_fix,
ze_escape_horizon_c1v2,
ze_escape_the_eye_remix_finb,
ze_eternal_journey_v1_3,
ze_evernight_a3_4_css2,
ze_evil_mansion_gs1,
ze_exchange_innovation_v1bs,
ze_facility_breach_v1,
ze_facility_s3_2,
ze_fapescape_rote_v1_3f,
ze_fapescape_v1_2,
ze_fartlocker_escape_v3s,
ze_fast_escape_fix,
ze_ffvii_mako_reactor_v3_1,
ze_ffvii_mako_reactor_v5_3,
ze_ffvii_mako_russianversion134,
ze_ffvii_malgo_reactor_css5,
ze_ffvii_malgo_reactor_css5_1,
ze_ffxii_easternsand_v1,
ze_ffxii_westersand_v5_2,
ze_ffxiv_pharos_sirius_css,
ze_ffxiv_wanderers_palace_v4_5s,
ze_ffxxiii_westrcanoyn_f12xd,
ze_fiendlordkeep_v4_2,
ze_firewall_laboratory_part1_3,
ze_flying_zombies_b3fix,
ze_football_b2,
ze_forestbunkers_v1_b3_sgfix,
ze_forgotten_facility,
ze_frostdrake_tower_v1s,
ze_frozentemple_b8_2,
ze_games_v2_2a,
ze_gameshow_v1_2,
ze_gargantua_v2_0,
ze_genso_of_last_v2_2fix,
ze_get_to_the_chopper_undead_6,
ze_gibletz_establishment_b6,
ze_gods_wrath_v3_8b,
ze_grandboat_escape_n_v4_3,
ze_grau_s2,
ze_greencity_v1_1,
ze_grey_b2_4,
ze_gris_fyk,
ze_halloween_house_b4s,
ze_halo_poa,
ze_halo_v1_2,
ze_harry_potter_v2_1,
ze_haunted_lab_escape_v2c,
ze_hell_escape_rc1,
ze_hellz_rescuebase_v5_b1,
ze_hexagon_project_v2_1,
ze_hidden_fortress_v1_0,
ze_hidden_temple_v2_5e,
ze_hobbit_escape_b2,
ze_hobbitten_oldschool_v5_2,
ze_hold_em_v10,
ze_holmes_escape_pf_2014c,
ze_horizon_sky_escape_b1s,
ze_hsc_a4_5,
ze_hypernova_v2fix,
ze_ice_hold_b2,
ze_icecap_escape_v5,
ze_illya_b4,
ze_inboxed_v1_5,
ze_indiana_jones_iv_v2_4,
ze_indiana_jones_v4a_004,
ze_industrial_dejavu_v3_3_1,
ze_industrial_plant_v2_2,
ze_infected_space_lab_extended,
ze_infected_tramway_v3_3,
ze_infested-industry_v2_b10,
ze_infiltration_final_css2,
ze_infinite_run_final_fix3,
ze_interception_b4,
ze_isla_nublar_v2_1,
ze_isla_nublar_v3,
ze_island_escape_sg_01,
ze_ismellmagicintheair_v3s,
ze_italy_town_v3,
ze_jjba_v5fs,
ze_johnny_nukem_b8_3,
ze_journey_v1_2,
ze_jp_lostworld_v3,
ze_jungle_escape_v1_2,
ze_jungleescape_b3_6,
ze_jurassic_park_story_v1,
ze_jurassicpark_c1v4,
ze_jurassicpark_winter_v2,
ze_kanker_escape_v1_1,
ze_kebab_immigrant_v3,
ze_kitchen_v2s,
ze_knife_fun_fix,
ze_knife_fun_fix_v1,
ze_knife_fun_winter_v3,
ze_kraznov_poopata,
ze_l0v0l_v1_4,
ze_laboratory_escape_v2_3b,
ze_laboratory_escape_v2_4b_final,
ze_last_man_standing_v5_1,
ze_legoland_crackheads_v2,
ze_licciana_escape_v2,
ze_licciana_escape_zrgbr_b3,
ze_licciana_xmas_v1,
ze_light_retribution_v1s,
ze_light_shadow_l1_4,
ze_lila_escape_night,
ze_lila_panic_escape_v3_1,
ze_little_trip_v1_2,
ze_lolxd_final_s,
ze_lotr_minas_tirith_v3_3,
ze_lotr_mines_of_moria_v6_3testfix,
ze_lotr_mount_doom_v3,
ze_luciddreams_css1,
ze_luciddreams_v3_6_f2,
ze_luck_matters_v1ds,
ze_luigismanison_fix2,
ze_m0w0m_a4,
ze_m0w0m_b2,
ze_madara_temple_v1fix,
ze_madness_v2_1,
ze_magala_castle_final_s,
ze_magic_carpet_v1_0,
ze_mario_tower_v4,
ze_mcpx_b1,
ze_megaman_a6,
ze_memehell_test3,
ze_metro2033_v1_fix,
ze_minecraft_adventure_v1_2c,
ze_minecraft_v1_1a,
ze_minimal_v4_1,
ze_mirrors_edge_reborn_v4_3,
ze_misaka_css3,
ze_mist_v1_3,
ze_mixture_3de_v1f2,
ze_mkzk_scarab_v4,
ze_moltentemple_a5,
ze_monolith_b2,
ze_mountain_escape_bbo_v1,
ze_mountain_escape_v5_zy,
ze_mountain_escape_v7_1_sonaki,
ze_mountainpass_v3_1,
ze_mystical_journey,
ze_mystical_journey_v2,
ze_mytex_escape_v3,
ze_nagi_b1_1s,
ze_naruto_v2_6e,
ze_necromanteion_v3_1s_fix,
ze_negative_legacy_xf4s,
ze_nemesis_nide_final_laser,
ze_nemesis_nide_finals_laser_2,
ze_nemesis_nide_v2,
ze_neochrome_css3,
ze_nightmare_dimension_v2_6fix,
ze_no_title_v1_3s7,
ze_nomada_h4,
ze_nostromo_v1_0f,
ze_notredame_v1_3,
ze_nuke_v2,
ze_ocean_base_escape_v4,
ze_offliner_v2b,
ze_old_classic_escape_v1,
ze_old_classic_escape_v2,
ze_omega_b3,
ze_omochi_b8s,
ze_onahole_v3_3_3_3s,
ze_oot_shadowtemple_b10s,
ze_otakuroom_v5_6fs,
ze_outbreak_v2_1,
ze_outlast_v1,
ze_panic_escape_v3_2_e5_s,
ze_paper_escaper_v7_1,
ze_paradox_final_v8,
ze_paranoid_rezurrection_v11_9,
ze_parkers_pit_b8,
ze_percocet_v5_s,
ze_peter_mansion_v1,
ze_phantasy_escape_fixed_b1,
ze_pidaras_city_a4,
ze_pirotexnik_v1fix,
ze_pitchblack_v5,
ze_pizzatime_v4s,
ze_pkmn_adventure_v8_6s_fix2,
ze_point_doom2_nav72,
ze_polyglot,
ze_ponchermonkey_shooter_v3_5,
ze_portal_story_v3_2,
ze_potc_v3_4fix,
ze_potc_v4s_4fix,
ze_predator_ultimate_v1_3,
ze_predator_ultimate_v3,
ze_project_alcaria_v1_5s,
ze_prototype_v2,
ze_purgatorium_b1fix,
ze_puta,
ze_quiver_v2a,
ze_raccoon_facility_v6b,
ze_racetofinishv3,
ze_radiance_v1_0,
ze_radiance_v1_1,
ze_rainbow_factory_b1,
ze_ramp_a1_1s,
ze_random_escape_b7_3,
ze_random_v10_fix,
ze_ratescape_v5_4css2,
ze_ravenholm_v04,
ze_re_surf_skyline_ep_rf3,
ze_realm_h1,
ze_rebicefacility_e01_v1,
ze_reloaded_v1,
ze_resident_evil_v7_3_fix,
ze_resonance_cascade_v3_2_1,
ze_rev_s2,
ze_river_escape_v3_fix,
ze_rizomata_s1_3,
ze_road_to_heaven_v4_3,
ze_rocket_escape_r1,
ze_rollermine_factory_2010,
ze_roof_adventure_v5s,
ze_rooftop_reborn_v3_2,
ze_rooftop_runaway1_v4,
ze_rooftop_runaway2_v5,
ze_rooftop_runaway_xmas_v1,
ze_runaway_roofside1_v4_final,
ze_rush_b_s1,
ze_sandstorm_css_v1_5x3,
ze_santassination_css2,
ze_saw_final,
ze_sc_turtles_v5fix,
ze_serpentis_temple_v1_1,
ze_sewer_escape_2012_b1,
ze_sg1_missions_v2_1,
ze_shaun_of_the_dead_b3,
ze_shaurma_v3_b07,
ze_shaurma_v4_a09,
ze_showdown_v7_dfix,
ze_shroomforest2_v1,
ze_shroomforest3_b6_2,
ze_shroomforest_v4_5,
ze_siberia_1990_v1_2c,
ze_silent_hill_2_illusion_kn1,
ze_sit_caelum_paradisus_b4,
ze_sit_caelum_paradisus_b7s,
ze_skill_escape_v09s,
ze_sky_athletic_adv_v9_12s,
ze_sky_temples_v2as,
ze_slender_escape_b4,
ze_solstice_redux_b1,
ze_something_ordinary_v2,
ze_sonic3_b2_2,
ze_sorrento_escape_v5,
ze_sorrento_xmas_v4,
ze_space_stationzz,
ze_spaceflight_v2,
ze_stalker_ultimate_v2_3,
ze_stalkermonolit_v6,
ze_standart_map_final_fix2,
ze_stargate_escape_v8,
ze_starwars_v2fix,
ze_stilshrine_of_miriam_v5_1_5,
ze_stilshrine_of_miriam_v7_2s,
ze_stone_pit_v2_b5,
ze_street_fight_with_autism_v3_1,
ze_sunkentemple_v3_1s,
ze_sunlight_v2_0,
ze_super_mario_64_v2_b9,
ze_super_metroid_v5,
ze_surf_bona_s2,
ze_surf_danger,
ze_surf_dark_fantasy_v1,
ze_surf_facility_v2_3,
ze_surf_facility_v3_pre2,
ze_surf_froyo_css3,
ze_surf_gypt_v1_3s,
ze_surf_outside_s3,
ze_surf_sahok_t5_9,
ze_surf_saltfish_css2,
ze_surf_shonyudo_v1_1s,
ze_surf_shonyudo_v4_1_ep,
ze_surf_shonyudo_v5_2s,
ze_surf_virtus_s_ep_f4,
ze_surf_vortex_v1_9s,
ze_surface_a1_fixed,
ze_survivors_b5,
ze_swamp_crypt_v1_7f,
ze_taboo_carnation_v2,
ze_temple_raider_b4,
ze_ten_keys_b2fix,
ze_tesv_skyrim_v2_2fix,
ze_the_last_chapter_v1_5_css,
ze_thousand_steps_b7c,
ze_three_eyes_v0_7s_fix,
ze_thriller_escape_fix,
ze_tibia_v4_1s3,
ze_tilex_ultimate_v2_14s,
ze_timesplitters_v1_2,
ze_titanic_cqd_v2_fixed,
ze_titanic_escape_v2_3,
ze_titanlaser_b3,
ze_tkara_v1,
ze_tloz_celestia_a4,
ze_tloz_stone_tower_temple_v1,
ze_toaster_v1_2,
ze_totally_new_wester,
ze_totemo_roka_b5s,
ze_traak_b1,
ze_trainescape_final,
ze_trainstation_tunnels_a1,
ze_treecolada_v1_3,
ze_trials_v1fs,
ze_trip,
ze_tropico_escape_gs1,
ze_tyranny2_v1fix,
ze_tyranny_v5fix,
ze_uchiha_legacy_v1_3f,
ze_underground_escape__final,
ze_undersea_temple_s2,
ze_undertale_g_v1_2s2,
ze_undertunnel_escape_b3a,
ze_unfinished_yuki_base_v2,
ze_v0u0v_b2,
ze_valkvang_s1,
ze_vaultofglass_beta,
ze_venice_escape_b2,
ze_vietnam_beta2,
ze_visualizer_css2,
ze_volcano_escape_v4,
ze_voodoo_islands_v8_2,
ze_warped_v1_1,
ze_winter_bash_v1fix2,
ze_worldsV0_2a,
ze_wuhan_v4,
ze_xiii_winslow_bank_v2,
ze_zk_colour_sick,
ze_zk_mall_of_zombies_v1_2,
ze_zombie_city_finalfix,
ze_zombie_factory_v1,
ze_zombierig_v4_3,
ze_ztastic_v2,
